NX,dx,dt,L2,lgR,lgE,fin,memory,runtime
256,0.00195312,0.0023899089739,0.000103123460164,-6.0365,-9.17958364517,8.0014152446,2121792,22.411
256,0.00195312,0.00239005324511,0.000105717539159,-6.036439635,-9.15473974547,8.00189826461,2121792,22.465
256,0.00195312,0.00239019752358,0.000106613505026,-6.0363792706,-9.14630036546,8.00238130895,2121792,22.523
256,0.00195312,0.00239034180932,0.000117030984856,-6.03631890681,-9.0530718304,8.00047403581,2121792,22.519
256,0.00195312,0.00239048610233,0.000145388902689,-6.03625854362,-8.83609831841,8.00095698451,2121792,22.399
256,0.00195312,0.00239063040261,0.000154312780695,-6.03619818104,-8.77652897186,8.00143995754,2121792,22.427
256,0.00195312,0.00239077471015,0.000349267135959,-6.03613781905,-7.95967349601,8.00192295489,2121792,22.622
